05/06/2019,14:01:10
05/06/2019,14:09:30
05/06/2019,14:17:50
05/06/2019,14:26:10
05/06/2019,14:34:30
05/06/2019,14:42:50
05/06/2019,14:51:10
05/06/2019,14:59:30
05/06/2019,15:07:50
05/06/2019,15:16:10
05/06/2019,15:24:30
05/06/2019,15:32:50
05/06/2019,15:41:10
05/06/2019,15:49:30
05/06/2019,15:57:50
05/06/2019,16:06:10
05/06/2019,16:14:30
05/06/2019,16:22:50
05/06/2019,16:31:10
05/06/2019,16:39:30
05/06/2019,16:47:50
05/06/2019,16:56:10
05/06/2019,17:04:30
05/06/2019,17:12:50
05/06/2019,17:21:10
05/06/2019,17:29:30
05/06/2019,17:37:50
05/06/2019,17:46:10
05/06/2019,17:54:30
05/06/2019,18:02:50
05/06/2019,18:11:10
05/06/2019,18:19:30
05/06/2019,18:27:50
05/06/2019,18:36:10
05/06/2019,18:44:30
05/06/2019,18:52:50
05/06/2019,19:01:10
05/06/2019,19:09:30
05/06/2019,19:17:50
05/06/2019,19:26:10
05/06/2019,19:34:30
05/06/2019,19:42:50
05/06/2019,19:51:10
05/06/2019,19:59:30
05/06/2019,20:07:50
05/06/2019,20:16:10
05/06/2019,20:24:30
05/06/2019,20:32:50
05/06/2019,20:41:10
05/06/2019,20:49:30
05/06/2019,20:57:50
05/06/2019,21:06:10
05/06/2019,21:14:30
05/06/2019,21:22:50
05/06/2019,21:31:10
05/06/2019,21:39:30
05/06/2019,21:47:50
05/06/2019,21:56:10
05/06/2019,22:04:30
05/06/2019,22:12:50
05/06/2019,22:21:10
05/06/2019,22:29:30
05/06/2019,22:37:50
05/06/2019,22:46:10
05/06/2019,22:54:30
05/06/2019,23:02:50
05/06/2019,23:11:10
05/06/2019,23:19:30
05/06/2019,23:27:50
05/06/2019,23:36:10
05/06/2019,23:44:30
05/06/2019,23:52:50
06/06/2019,00:01:10
06/06/2019,00:09:30
06/06/2019,00:17:50
06/06/2019,00:26:10
06/06/2019,00:34:30
06/06/2019,00:42:50
06/06/2019,00:51:10
06/06/2019,00:59:30
06/06/2019,01:07:50
06/06/2019,01:16:10
06/06/2019,01:24:30
06/06/2019,01:32:50
06/06/2019,01:41:10
06/06/2019,01:49:30
06/06/2019,01:57:50
06/06/2019,02:06:10
06/06/2019,02:14:30
06/06/2019,02:22:50
06/06/2019,02:31:10
06/06/2019,02:39:30
06/06/2019,02:47:50
06/06/2019,02:56:10
06/06/2019,03:04:30
06/06/2019,03:12:50
06/06/2019,03:21:10
06/06/2019,03:29:30
06/06/2019,03:37:50
06/06/2019,03:46:10
06/06/2019,03:54:30
06/06/2019,04:02:50
06/06/2019,04:11:10
06/06/2019,04:19:30
06/06/2019,04:27:50
06/06/2019,04:36:10
06/06/2019,04:44:30
06/06/2019,04:52:50
06/06/2019,05:01:10
06/06/2019,05:09:30
06/06/2019,05:17:50
06/06/2019,05:26:10
06/06/2019,05:34:30
06/06/2019,05:42:50
06/06/2019,05:51:10
06/06/2019,05:59:30
06/06/2019,06:07:50
06/06/2019,06:16:10
06/06/2019,06:24:30
06/06/2019,06:32:50
06/06/2019,06:41:10
06/06/2019,06:49:30
06/06/2019,06:57:50
06/06/2019,07:06:10
06/06/2019,07:14:30
06/06/2019,07:22:50
06/06/2019,07:31:10
06/06/2019,07:39:30
06/06/2019,07:47:50
06/06/2019,07:56:10
06/06/2019,08:04:30
06/06/2019,08:12:50
06/06/2019,08:21:10
06/06/2019,08:29:30
06/06/2019,08:37:50
06/06/2019,08:46:10
06/06/2019,08:54:30
06/06/2019,09:02:50
06/06/2019,09:11:10
06/06/2019,09:19:30
06/06/2019,09:27:50
06/06/2019,09:36:10
06/06/2019,09:44:30
06/06/2019,09:52:50
06/06/2019,10:01:10
06/06/2019,10:09:30
06/06/2019,10:17:50
06/06/2019,10:26:10
06/06/2019,10:34:30
06/06/2019,10:42:50
06/06/2019,10:51:10
06/06/2019,10:59:30
06/06/2019,11:07:50
06/06/2019,11:16:10
06/06/2019,11:24:30
06/06/2019,11:32:50
06/06/2019,11:41:10
06/06/2019,11:49:30
06/06/2019,11:57:50
06/06/2019,12:06:10
06/06/2019,12:14:30
06/06/2019,12:22:50
06/06/2019,12:31:10
06/06/2019,12:39:30
06/06/2019,12:47:50
06/06/2019,12:56:10
06/06/2019,13:04:30
06/06/2019,13:12:50
06/06/2019,13:21:10
06/06/2019,13:29:30
06/06/2019,13:37:50
06/06/2019,13:46:10
06/06/2019,13:54:30
06/06/2019,14:02:50
06/06/2019,14:11:10
06/06/2019,14:19:30
06/06/2019,14:27:50
06/06/2019,14:36:10
06/06/2019,14:44:30
06/06/2019,14:52:50
06/06/2019,15:01:10
06/06/2019,15:09:30
06/06/2019,15:17:50
06/06/2019,15:26:10
06/06/2019,15:34:30
06/06/2019,15:42:50
06/06/2019,15:51:10
06/06/2019,15:59:30
06/06/2019,16:07:50
06/06/2019,16:16:10
06/06/2019,16:24:30
06/06/2019,16:32:50
06/06/2019,16:41:10
06/06/2019,16:49:30
06/06/2019,16:57:50
06/06/2019,17:06:10
06/06/2019,17:14:30
06/06/2019,17:22:50
06/06/2019,17:31:10
06/06/2019,17:39:30
06/06/2019,17:47:50
06/06/2019,17:56:10
06/06/2019,18:04:30
06/06/2019,18:12:50
06/06/2019,18:21:10
06/06/2019,18:29:30
06/06/2019,18:37:50
06/06/2019,18:46:10
06/06/2019,18:54:30
06/06/2019,19:02:50
06/06/2019,19:11:10
06/06/2019,19:19:30
06/06/2019,19:27:50
06/06/2019,19:36:10
06/06/2019,19:44:30
06/06/2019,19:52:50
06/06/2019,20:01:10
06/06/2019,20:09:30
06/06/2019,20:17:50
06/06/2019,20:26:10
06/06/2019,20:34:30
06/06/2019,20:42:50
06/06/2019,20:51:10
06/06/2019,20:59:30
06/06/2019,21:07:50
06/06/2019,21:16:10
06/06/2019,21:24:30
06/06/2019,21:32:50
06/06/2019,21:41:10
06/06/2019,21:49:30
06/06/2019,21:57:50
06/06/2019,22:06:10
06/06/2019,22:14:30
06/06/2019,22:22:50
06/06/2019,22:31:10
06/06/2019,22:39:30
06/06/2019,22:47:50
06/06/2019,22:56:10
06/06/2019,23:04:30
06/06/2019,23:12:50
06/06/2019,23:21:10
06/06/2019,23:29:30
06/06/2019,23:37:50
06/06/2019,23:46:10
06/06/2019,23:54:30
07/06/2019,00:02:50
07/06/2019,00:11:10
07/06/2019,00:19:30
07/06/2019,00:27:50
07/06/2019,00:36:10
07/06/2019,00:44:30
07/06/2019,00:52:50
07/06/2019,01:01:10
07/06/2019,01:09:30
07/06/2019,01:17:50
07/06/2019,01:26:10
07/06/2019,01:34:30
07/06/2019,01:42:50
07/06/2019,01:51:10
07/06/2019,01:59:30
07/06/2019,02:07:50
07/06/2019,02:16:10
07/06/2019,02:24:30
07/06/2019,02:32:50
07/06/2019,02:41:10
07/06/2019,02:49:30
07/06/2019,02:57:50
07/06/2019,03:06:10
07/06/2019,03:14:30
07/06/2019,03:22:50
07/06/2019,03:31:10
07/06/2019,03:39:30
07/06/2019,03:47:50
07/06/2019,03:56:10
07/06/2019,04:04:30
07/06/2019,04:12:50
07/06/2019,04:21:10
07/06/2019,04:29:30
07/06/2019,04:37:50
07/06/2019,04:46:10
07/06/2019,04:54:30
07/06/2019,05:02:50
07/06/2019,05:11:10
07/06/2019,05:19:30
07/06/2019,05:27:50
07/06/2019,05:36:10
07/06/2019,05:44:30
07/06/2019,05:52:50
07/06/2019,06:01:10
07/06/2019,06:09:30
07/06/2019,06:17:50
07/06/2019,06:26:10
07/06/2019,06:34:30
07/06/2019,06:42:50
07/06/2019,06:51:10
07/06/2019,06:59:30
07/06/2019,07:07:50
07/06/2019,07:16:10
07/06/2019,07:24:30
07/06/2019,07:32:50
